name,url
香水柠檬图片素材,https://sc.chinaz.com/tupian/220623094784.htm
性感诱惑肚兜美女写真图片,https://sc.chinaz.com/tupian/220623271505.htm
高山巨石风化图片,https://sc.chinaz.com/tupian/220623268301.htm
轻熟风中国美女图片,https://sc.chinaz.com/tupian/220623001640.htm
性感白色肚兜美女人体图片,https://sc.chinaz.com/tupian/220623282942.htm
性感制服丝袜诱惑人体写真图片,https://sc.chinaz.com/tupian/220623454673.htm
观赏性牡丹花图片,https://sc.chinaz.com/tupian/220623471674.htm
戴口罩美女树林写真图片,https://sc.chinaz.com/tupian/220623389300.htm
美女自拍黑白图片,https://sc.chinaz.com/tupian/220623105332.htm
蓝色天空艺术雕像图片,https://sc.chinaz.com/tupian/220623578591.htm
美女床上盘腿打坐图片,https://sc.chinaz.com/tupian/220623582295.htm
意大利小村庄建筑风光图片,https://sc.chinaz.com/tupian/220623281733.htm
含苞待放玫瑰花苞图片,https://sc.chinaz.com/tupian/220623027144.htm
公园草地逆光微胖美女图片,https://sc.chinaz.com/tupian/220623518213.htm
碧海蓝天唯美风景图片,https://sc.chinaz.com/tupian/220623231511.htm
性感撩人妙龄少女图片,https://sc.chinaz.com/tupian/220623079370.htm
古典水墨梅花旗袍美女图片,https://sc.chinaz.com/tupian/220623403902.htm
日本性感西西人体模特图片,https://sc.chinaz.com/tupian/220623121365.htm
夏日西瓜背景图片,https://sc.chinaz.com/tupian/220622161301.htm
欧美性感芭比女孩人体摄影,https://sc.chinaz.com/tupian/220622289312.htm
高清可爱肥猫图片,https://sc.chinaz.com/tupian/220622594364.htm
欧洲女人时尚写真图片,https://sc.chinaz.com/tupian/220622462990.htm
金色向日葵花海风景图片,https://sc.chinaz.com/tupian/220622433863.htm
外星人另类设计图片,https://sc.chinaz.com/tupian/220622178845.htm
黄色渐变玫瑰花图片,https://sc.chinaz.com/tupian/220622574704.htm
树林美女戴口罩写真图片,https://sc.chinaz.com/tupian/220622051750.htm
纯黑色拉布拉多犬图片,https://sc.chinaz.com/tupian/220622463933.htm
扁平风人物卡通图片,https://sc.chinaz.com/tupian/220622221591.htm
文艺女孩手拿花束图片,https://sc.chinaz.com/tupian/220622342532.htm
俄罗斯美女黑白灰摄影图片,https://sc.chinaz.com/tupian/220622092445.htm
倚靠这树木的中年女人图片,https://sc.chinaz.com/tupian/220622382552.htm
海鸟高空展翅飞翔图片,https://sc.chinaz.com/tupian/220622074714.htm
阿尔卑斯雪山图片,https://sc.chinaz.com/tupian/220622389831.htm
温婉可人越南美女图片,https://sc.chinaz.com/tupian/220622139280.htm
桦树林小路风景图片,https://sc.chinaz.com/tupian/220622164204.htm
高冷贵妇风美女欧美图片,https://sc.chinaz.com/tupian/220622497592.htm
冬季俄罗斯美女图片摄影,https://sc.chinaz.com/tupian/220622062773.htm
欧美黑白艺术纹身美女图片,https://sc.chinaz.com/tupian/220622278085.htm
夏日实拍荷花图片,https://sc.chinaz.com/tupian/220621262124.htm
女生戴口罩图片,https://sc.chinaz.com/tupian/220621177840.htm
神话传说美人鱼图片,https://sc.chinaz.com/tupian/220621406041.htm
一个男人在海边的背影图片,https://sc.chinaz.com/tupian/220621508812.htm
初秋红色枫叶图片,https://sc.chinaz.com/tupian/220621082463.htm
金发女郎免抠图片,https://sc.chinaz.com/tupian/220621415545.htm
绿叶水珠高清背景图片,https://sc.chinaz.com/tupian/220621079673.htm
美女戴口罩美图片,https://sc.chinaz.com/tupian/220621216510.htm
乔木小叶海棠花图片,https://sc.chinaz.com/tupian/220621095604.htm
可爱小姐姐卡通图片,https://sc.chinaz.com/tupian/220621346441.htm
美式婚纱新娘图片,https://sc.chinaz.com/tupian/220621223595.htm
蓝天白云雕像摄影图片,https://sc.chinaz.com/tupian/220621513252.htm
治愈系牡丹花图片摄影,https://sc.chinaz.com/tupian/220621482274.htm
性感熟女gogo人体艺术图片,https://sc.chinaz.com/tupian/220621348163.htm
黄昏治愈系美女写真图片,https://sc.chinaz.com/tupian/220621012055.htm
清新治愈系氧气女生图片,https://sc.chinaz.com/tupian/220621392380.htm
蓝天树林田园风光图片,https://sc.chinaz.com/tupian/220621561381.htm
玫红色奥黛旗袍美女图片,https://sc.chinaz.com/tupian/220621142612.htm
越南白色肚兜性感美女图片,https://sc.chinaz.com/tupian/220621097670.htm
黄色奥黛旗袍美女写真图片,https://sc.chinaz.com/tupian/220621458092.htm
卡通居家男孩插画图片,https://sc.chinaz.com/tupian/220621198384.htm
心动的信号图片,https://sc.chinaz.com/tupian/220621287461.htm
春天花海美女背影图片,https://sc.chinaz.com/tupian/220621371625.htm
白色紧身牛仔裤欧美美女图片,https://sc.chinaz.com/tupian/220621023903.htm
极品诱惑美背性感美女图片,https://sc.chinaz.com/tupian/220621113772.htm
绿色盎然水仙花图片,https://sc.chinaz.com/tupian/220621519654.htm
户外性感日本人体艺术图片,https://sc.chinaz.com/tupian/220621328773.htm
唯美治愈系奥黛美女写真图片,https://sc.chinaz.com/tupian/220621381200.htm
西班牙古建筑图片,https://sc.chinaz.com/tupian/220621562771.htm
东方旗袍古典美女图片摄影,https://sc.chinaz.com/tupian/220621029335.htm
欧美黑白高冷帅哥写真图片,https://sc.chinaz.com/tupian/220620238283.htm
东方旗袍姐妹花闺蜜图片,https://sc.chinaz.com/tupian/220620409700.htm
